Market,Outcome,CalibrationMethod,Rows,MeanPredictedProb,ObservedRate,BrierScore,ECE,MaxAbsGap,CalibrationBias
Over 2.5,Over 2.5,sigmoid,5160,0.5240481162452901,0.5244186046511627,0.2425695736258289,0.014171036985539034,0.1962715079322912,0.00037048840587261544
Resultado 1X2,Casa,sigmoid,5297,0.4298830129477637,0.4313762507079479,0.2128402449397635,0.02089408860680727,0.060687427281859496,0.001493237760184174
Resultado 1X2,Empate,sigmoid,5297,0.26705000474320284,0.26788748348121577,0.19445842267458294,0.016982196488488026,0.25986075878364234,0.0008374787380129312
Resultado 1X2,Fora,sigmoid,5297,0.30306698230903345,0.30073626581083635,0.18634535230303378,0.014525737754803385,0.19220334084573443,-0.002330716498197105
Under 2.5,Under 2.5,sigmoid,5160,0.47595188375470987,0.4755813953488372,0.2425695736258289,0.014171036985539,0.19627150793229117,-0.00037048840587267096
Vitoria Casa/Fora,Casa,sigmoid,5297,0.4298830129477637,0.4313762507079479,0.2128402449397635,0.02089408860680727,0.060687427281859496,0.001493237760184174
Vitoria Casa/Fora,Fora,sigmoid,5297,0.30306698230903345,0.30073626581083635,0.18634535230303378,0.014525737754803385,0.19220334084573443,-0.002330716498197105
