Market,Outcome,Bin,BinStart,BinEnd,MeanPredictedProb,ObservedRate,Count,CalibrationGap,AbsCalibrationGap,BrierScore,CalibrationMethod
Over 2.5,Over 2.5,4,0.30000000000000004,0.4,0.37459953525805223,0.4421768707482993,147,0.06757733549024708,0.06757733549024708,0.2506292765421996,sigmoid
Over 2.5,Over 2.5,5,0.4,0.5,0.45172967186852875,0.46393762183235865,513,0.0122079499638299,0.0122079499638299,0.24595303597815305,sigmoid
Over 2.5,Over 2.5,6,0.5,0.6000000000000001,0.5515139380762903,0.5339285714285714,560,-0.017585366647718925,0.017585366647718925,0.2465092405774591,sigmoid
Over 2.5,Over 2.5,7,0.6000000000000001,0.7000000000000001,0.6424378920862683,0.6389776357827476,313,-0.003460256303520759,0.003460256303520759,0.22954926545853177,sigmoid
Over 2.5,Over 2.5,8,0.7000000000000001,0.8,0.7292519156369404,0.7142857142857143,91,-0.01496620135122606,0.01496620135122606,0.20347847914028794,sigmoid
